<?xml version="1.2" ?>
<mosinstall type="component">
    <name>JDefender</name>
    <creationDate>22/11/2006</creationDate>
    <author>Azamat Tokhtaev and Cheskidov Vladimir</author>
    <copyright>This component is released under the GNU/GPL License</copyright>
    <authorEmail>krik123@bk.ru</authorEmail>
    <version>1.0.0</version>
    <license>http://www.gnu.org/copyleft/gpl.html GNU/GPL</license>
    <description>This component allow you set rules for protect Joomla/Mambo from Flood and Injection attacks</description>
    <install>
      <queries>
        <query>DROP TABLE IF EXISTS `#__jguard_flood_monitor`</query>
        <query>DROP TABLE IF EXISTS `#__jguard_log`</query>
        <query>DROP TABLE IF EXISTS `#__jguard_block_list`</query>
        <query>DROP TABLE IF EXISTS `#__jguard_options`</query>
        <query>
<![CDATA[
CREATE TABLE `#__jguard_flood_monitor` (
  `id` int(11) NOT NULL auto_increment,
  `ip` varchar(15) NOT NULL default '',
  `time` datetime NULL,
  PRIMARY KEY  (`id`)
) TYPE=MyISAM;
]]>
        </query>
        <query>
<![CDATA[   
CREATE TABLE `#__jguard_log` (
  `id` int(11) NOT NULL auto_increment,
  `ip` varchar(15) NOT NULL default '',
  `ctime` datetime NOT NULL default '0000-00-00 00:00:00',
  `type` varchar(20) NOT NULL default '',
  `user_id` int(11) NULL,
  `url` text NOT NULL default '',
  `post` text NOT NULL default '',
  `cook` text NOT NULL default '',
  `referer` text NOT NULL default '',
  `description` text NOT NULL default '',
  `suspect_reject` varchar(20) NOT NULL default '',
  PRIMARY KEY  (`id`)
) TYPE=MyISAM;
]]>
        </query>
        <query>
<![CDATA[ 
CREATE TABLE `#__jguard_block_list` (
  `id` int(11) NOT NULL auto_increment,
  `type` varchar(20) NOT NULL default '',
  `value` text NOT NULL default '',
  PRIMARY KEY  (`id`)
) TYPE=MyISAM;
]]>
        </query>
        <query>
<![CDATA[ 
CREATE TABLE `#__jguard_options` (
  `id` int(11) NOT NULL auto_increment,
  `mysql_scan` tinyint(1) NOT NULL default '1',
  `mysql_parameter` varchar(20) NOT NULL DEFAULT '',
  `mysql_keywords` TEXT NOT NULL,
  `file_scan` varchar(20) NOT NULL default '',
  `file_parameter` tinyint(1) NOT NULL default '0',
  `untiflood` tinyint(1) NOT NULL default '0',
  `flood_queries_1` int(11)  NOT NULL default '0',
  `flood_time_1` int(11)  NOT NULL default '0',
  `flood_queries_2` int(11)  NOT NULL default '0',
  `flood_time_2` int(11)  NOT NULL default '0',
  `flood_queries_3` int(11)  NOT NULL default '0',
  `flood_time_3` int(11)  NOT NULL default '0',
  `flood_parameter` tinyint(1) NOT NULL default '0',
  `send_email` tinyint(1) NOT NULL default '0',
  `send_file_injection` tinyint(1) NOT NULL default '0',
  `send_mysql_injection` tinyint(1) NOT NULL default '0',
  `send_flood` tinyint(1) NOT NULL default '0',
  `email` varchar(50) NULL,
   PRIMARY KEY  (`id`)
) TYPE=MyISAM;
]]>
        </query>
<query>
<![CDATA[
INSERT INTO `#__jguard_options` values(NULL,
	'1','0','/select/iU\n/delete.+from/iU\n/update/\n/create/\n/set/\n/(\\d+) and(.+)/iU\n/\\([select|delete]+\\)/iU',
	'1','',
	'1','10','1','50','60','100','3600','0',
	'1','1','1','1','');
]]>
</query>
      </queries>
    </install>
    <uninstall>
      <queries>
        <query>DROP TABLE IF EXISTS `#__jguard_flood_monitor`</query>
        <query>DROP TABLE IF EXISTS `#__jguard_log`</query>
        <query>DROP TABLE IF EXISTS `#__jguard_block_list`</query>
        <query>DROP TABLE IF EXISTS `#__jguard_options`</query>
      </queries>
    </uninstall>
    <administration>
      <menu>JDefender</menu>
        <submenu>
          <menu task="log">Show log</menu>
          <menu task="block_list">Block list</menu>
          <menu task="Options">Options</menu>
        </submenu>
        <files>
          <filename>admin.jdefender.php</filename>
          <filename>admin.jdefender.html.php</filename>
          <filename>toolbar.jdefender.php</filename>
          <filename>toolbar.jdefender.html.php</filename>
          <filename>xajax/xajax_core/legacy.inc.php</filename>
          <filename>xajax/xajax_core/xajax.inc.php</filename>
          <filename>xajax/xajax_core/xajaxCompress.inc.php</filename>
          <filename>xajax/xajax_core/xajaxResponse.inc.php</filename>
          <filename>xajax/xajax_core/plugin_layer/xajaxDefaultIncludePlugin.inc.php</filename>
          <filename>xajax/xajax_core/plugin_layer/xajaxDefaultRequestProcessorPlugin.inc.php</filename>
          <filename>xajax/xajax_core/plugin_layer/xajaxIncludePlugin.inc.php</filename>
          <filename>xajax/xajax_core/plugin_layer/xajaxPluginManager.inc.php</filename>
          <filename>xajax/xajax_core/plugin_layer/xajaxRequestProcessorPlugin.inc.php</filename>
          <filename>xajax/xajax_core/plugin_layer/xajaxResponsePlugin.inc.php</filename>
          <filename>xajax/xajax_js/xajax.js</filename>
          <filename>xajax/xajax_js/xajax_uncompressed.js</filename>
          <filename>src/effects.js</filename>
          <filename>src/scriptaculous.js</filename>
          <filename>src/unittest.js</filename>
          <filename>lib/prototype.js</filename>
          <filename>language/english.php</filename>
        </files>
        <images>
          <filename>images/unblock2all_f2.png</filename>
          <filename>images/unblock2_f2.png</filename>
          <filename>images/deleteall_f2.png</filename>
          <filename>images/delete_f2.png</filename>
          <filename>images/save_f2.png</filename>
          <filename>images/security_f2_tick1.gif</filename>
          <filename>images/security_f2_open1.png</filename>
          <filename>images/load.gif</filename>
          <filename>images/close.png</filename>
          <filename>images/log48.gif</filename>
          <filename>images/blocklist48.gif</filename>
          <filename>images/alrt.gif</filename>
          <filename>images/suspect.gif</filename>
          <filename>images/config32.gif</filename>
          <filename>images/log16.gif</filename>
          <filename>images/blocklist16.gif</filename>
          <filename>images/defender16.gif</filename>
        </images>
    </administration>
    <installfile>
		<filename>install.jdefender.php</filename>
	</installfile>
	<uninstallfile>
		<filename>uninstall.jdefender.php</filename>
	</uninstallfile>
  </mosinstall>
