<?xml version="1.0" encoding="utf-8"?>
<install type="component" version="1.5.0">
  <name>CD Login Confirmation</name>
  <author>Daniel Rataj</author>
  <creationDate>October 21th, 2008</creationDate>
  <copyright>(C) 2008 GreatJoomla.com</copyright>
  <license>Attribution-NonCommercial 3.0 Unported</license>
  <authorEmail>info@greatjoomla.com</authorEmail>
  <authorUrl>www.greatjoomla.com</authorUrl>
  <version>1.1.0</version>
  <description>Core Design Login Confirmation component for Joomla! 1.5</description>

	<!-- Language -->
	<languages>
		<!-- no frontend language -->
	</languages>
	
	<!-- Custom Install Script to execute -->
	<installfile>install.cdloginconfirmation.php</installfile>
	
	<!-- Custom Uninstall Script to execute -->
	<uninstallfile>uninstall.cdloginconfirmation.php</uninstallfile>
	
	<!-- Site Main File Copy Section -->
	<files folder="site">
    <filename>index.html</filename>
  </files>
	
	<!-- Administration -->
	<administration>
		<menu img="components/com_cdloginconfirmation/assets/images/cdloginconfirmation-menu-icon.png" link="option=com_cdloginconfirmation">Core Design Login Confirmation</menu>

		<!-- Administration Main File Copy Section -->
		<files>
			<filename>assets/css/css.css</filename>
			<filename>assets/css/index.html</filename>
			<filename>assets/images/box/bottomleft.png</filename>
			<filename>assets/images/box/bottomright.png</filename>
			<filename>assets/images/box/index.html</filename>
			<filename>assets/images/box/left.png</filename>
			<filename>assets/images/box/right.png</filename>
			<filename>assets/images/box/topleft.png</filename>
			<filename>assets/images/box/topright.png</filename>
			<filename>assets/images/button_bg.png</filename>
			<filename>assets/images/cdloginconfirmation-home.png</filename>
      <filename>assets/images/cdloginconfirmation-logo.png</filename>
      <filename>assets/images/cdloginconfirmation-menu-icon.png</filename>
			<filename>assets/images/cdloginconfirmation-settings.png</filename>
			<filename>assets/images/cdloginconfirmation-title.png</filename>
			<filename>assets/images/index.html</filename>
			<filename>assets/index.html</filename>
			<filename>controllers/default.php</filename>
			<filename>controllers/index.html</filename>
			<filename>helpers/cdloginconfirmation.php</filename>
			<filename>helpers/index.html</filename>
			<filename>language/admin/en-GB/en-GB.com_cdloginconfirmation.ini</filename>
			<filename>language/admin/en-GB/index.html</filename>
			<filename>language/admin/index.html</filename>
			<filename>language/plugin/en-GB.plg_system_cdloginconfirmation.ini</filename>
			<filename>language/plugin/index.html</filename>
			<filename>language/index.html</filename>
			<filename>models/default.php</filename>
			<filename>models/index.html</filename>
			<filename>plugin/cdloginconfirmation/index.html</filename>
			<filename>plugin/cdloginconfirmation/license-cc-nc.txt</filename>
			<filename>plugin/cdloginconfirmation.php</filename>
			<filename>plugin/cdloginconfirmation.xml</filename>
			<filename>plugin/index.html</filename>
			<filename>site/index.html</filename>
			<filename>views/default/tmpl/authorization.php</filename>
			<filename>views/default/tmpl/configuration.php</filename>
			<filename>views/default/tmpl/default.php</filename>
			<filename>views/default/tmpl/home.php</filename>
			<filename>views/default/tmpl/index.html</filename>
			<filename>views/default/index.html</filename>
			<filename>views/default/view.html.php</filename>
			<filename>views/index.html</filename>
			<filename>admin.cdloginconfirmation.php</filename>
			<filename>cdloginconfirmation.xml</filename>
			<filename>config.xml</filename>
			<filename>controller.php</filename>
			<filename>index.html</filename>
		</files>

		<!-- Language -->
		<languages>
			<language tag="en-GB">language/admin/en-GB/en-GB.com_cdloginconfirmation.ini</language>
		</languages>

	</administration>
</install>
