<?xml version="1.0" encoding="iso-8859-1"?>
<mosinstall version="1.0.0" type="mambot" group="system">
	<name>JDefender Flood/Injection Control Plug-in</name>
	<license>Joomla Equipment</license>
	<author>Joomla Equipment</author>
	<authorEmail>krik123@bk.ru</authorEmail>
	<creationDate>2007-01-25</creationDate>
	<copyright>Joomla equipment</copyright>
	<version>1.0.1</version>
	<description>This plug-in protect Joomla/Mambo from Flood and Injection attacks.</description>
	<files>
		<filename mambot="jguard_systembot">jguard_systembot.php</filename>
		<filename mambot="jguard_systembot">jguard_message_page.php</filename>
	</files>
</mosinstall>