<?xml version="1.0" encoding="utf-8"?>
<expose version="2.1">
	<collection _mngid="1">
		<collection _mngid="2">
			<title>Sample collection</title>
			<thumb>
				<url>thumbs/_th_sample_collection.jpg</url>
			</thumb>
			<album _mngid="3">
				<title>Sample album</title>
				<description>This is my photo album.</description>
				<thumb>
					<url>thumbs/_th_sample_album.jpg</url>
				</thumb>
				<contentxmlurl>album_sample.xml</contentxmlurl>
				<contentnumber>2</contentnumber>
			</album>
		</collection>
		<album _mngid="4">
			<title>Videos</title>
			<thumb>
				<url>thumbs/_th_videos.jpg</url>
			</thumb>
			<contentxmlurl>album_videos.xml</contentxmlurl>
			<contentnumber>1</contentnumber>
		</album>
	</collection>
</expose>
