<?xml version="1.0" ?>
<mosinstall type="component">
	<name>Expose</name>
	<creationDate>12/09/2006</creationDate>
	<author>Josh, Steinthor</author>
	<copyright>This component is released under the GNU/GPL License</copyright>
	<authorEmail>webmaster@gotgtek.com, steinthor@setjan.com</authorEmail>
	<authorUrl>http://www.gotgtek.com/</authorUrl>
	<version>RC4</version>
	<description>This is an open source flash gallery from http://www.slooz.com. This can downloaded from http://www.gotgtek.com</description>
	<files>
	
	<filename>expose.html</filename>
	<filename>expose.html.php</filename>
	<filename>expose.php</filename>
	<filename>expose.xml</filename>
	<filename>showpic.html</filename>
	<filename>AC_RunActiveContent.js</filename>
	<filename>expose/admin/config.expose.php</filename>	
	<filename>expose/admin/boxover.js</filename>
	<filename>expose/admin/tooltip.png</filename>
	<filename>expose/admin/info.gif</filename>
	<filename>expose/admin/logo.gif</filename>
	<filename>expose/admin/edit_f2.png</filename>
	<filename>expose/admin/settings_f2.png</filename>
	<filename>expose/config/config.xml</filename>
	<filename>expose/config/formats.xml</filename>
	<filename>expose/config/strings.xml</filename>
	<filename>expose/extras/dummy.jpg</filename>
	<filename>expose/img/samples/_lg_springleaves.jpg</filename>
	<filename>expose/img/samples/_sm_beeonflower.jpg</filename>
	<filename>expose/img/samples/_sm_springleaves.jpg</filename>
	<filename>expose/img/samples/beeonflower.jpg</filename>
	<filename>expose/img/samples/springleaves.jpg</filename>
	<filename>expose/img/thumbs/_th_sample_album.jpg</filename>
	<filename>expose/img/thumbs/_th_sample_collection.jpg</filename>
	<filename>expose/img/thumbs/_th_videos.jpg</filename>
	<filename>expose/img/videos/_th_sample.jpg</filename>
	<filename>expose/img/videos/sample.flv</filename>
	<filename>expose/showpic_gifs/bl.gif</filename>
	<filename>expose/showpic_gifs/bot.gif</filename>
	<filename>expose/showpic_gifs/br.gif</filename>
	<filename>expose/showpic_gifs/left.gif</filename>
	<filename>expose/showpic_gifs/right.gif</filename>
	<filename>expose/showpic_gifs/showpic_back.gif</filename>
	<filename>expose/showpic_gifs/showpic_back_ro.gif</filename>
	<filename>expose/showpic_gifs/t.gif</filename>
	<filename>expose/showpic_gifs/tl.gif</filename>
	<filename>expose/showpic_gifs/top.gif</filename>
	<filename>expose/showpic_gifs/tr.gif</filename>
	<filename>expose/swf/artwork.swf</filename>
	<filename>expose/swf/expose.swf</filename>
	<filename>expose/swf/fonts.swf</filename>
	<filename>expose/xml/album_sample.xml</filename>
	<filename>expose/xml/album_videos.xml</filename>
	<filename>expose/xml/albums.xml</filename>
        <filename>expose/manager/manager.html</filename>
        <filename>expose/manager/manager.swf</filename>
        <filename>expose/manager/check_system.php</filename>
        <filename>expose/manager/documentation/mng_screenshot.gif</filename>
        <filename>expose/manager/documentation/ReadMe.html</filename>
        <filename>expose/manager/documentation/ReleaseNotes.txt</filename>
        <filename>expose/manager/amfphp/advancedsettings.php</filename>
        <filename>expose/manager/amfphp/gateway.php</filename>
        <filename>expose/manager/amfphp/LICENSE</filename>
        <filename>expose/manager/amfphp/amf-core/readme.txt</filename>
        <filename>expose/manager/amfphp/amf-core/adapters/adodbAdapter.php</filename>
        <filename>expose/manager/amfphp/amf-core/adapters/arrayfAdapter.php</filename>
        <filename>expose/manager/amfphp/amf-core/adapters/arrayftAdapter.php</filename>
        <filename>expose/manager/amfphp/amf-core/adapters/fbsqlAdapter.php</filename>
        <filename>expose/manager/amfphp/amf-core/adapters/informixAdapter.php</filename>
        <filename>expose/manager/amfphp/amf-core/adapters/mssqlAdapter.php</filename>
        <filename>expose/manager/amfphp/amf-core/adapters/mysqlAdapter.php</filename>
        <filename>expose/manager/amfphp/amf-core/adapters/mysqlfAdapter.php</filename>
        <filename>expose/manager/amfphp/amf-core/adapters/mysqliAdapter.php</filename>
        <filename>expose/manager/amfphp/amf-core/adapters/oci8Adapter.php</filename>
        <filename>expose/manager/amfphp/amf-core/adapters/odbcAdapter.php</filename>
        <filename>expose/manager/amfphp/amf-core/adapters/pdoAdapter.php</filename>
        <filename>expose/manager/amfphp/amf-core/adapters/peardbAdapter.php</filename>
        <filename>expose/manager/amfphp/amf-core/adapters/pgsqlAdapter.php</filename>
        <filename>expose/manager/amfphp/amf-core/adapters/RecordSetAdapter.php</filename>
        <filename>expose/manager/amfphp/amf-core/adapters/sqliteAdapter.php</filename>
        <filename>expose/manager/amfphp/amf-core/adapters/lib/Arrayf.php</filename>
        <filename>expose/manager/amfphp/amf-core/adapters/lib/Arrayft.php</filename>
        <filename>expose/manager/amfphp/amf-core/app/Actions.php</filename>
        <filename>expose/manager/amfphp/amf-core/app/Constants.php</filename>
        <filename>expose/manager/amfphp/amf-core/app/Executive.php</filename>
        <filename>expose/manager/amfphp/amf-core/app/Filters.php</filename>
        <filename>expose/manager/amfphp/amf-core/app/Gateway.php</filename>
        <filename>expose/manager/amfphp/amf-core/app/Globals.php</filename>
        <filename>expose/manager/amfphp/amf-core/app/php5Executive.php</filename>
        <filename>expose/manager/amfphp/amf-core/app/WebServiceActions.php</filename>
        <filename>expose/manager/amfphp/amf-core/custom/CachedExecutionAction.php</filename>
        <filename>expose/manager/amfphp/amf-core/custom/CachedGateway.php</filename>
        <filename>expose/manager/amfphp/amf-core/exception/AMFException.php</filename>
        <filename>expose/manager/amfphp/amf-core/exception/php4Exception.php</filename>
        <filename>expose/manager/amfphp/amf-core/exception/php5Exception.php</filename>
        <filename>expose/manager/amfphp/amf-core/io/AMFDeserializer.php</filename>
        <filename>expose/manager/amfphp/amf-core/io/AMFSerializer.php</filename>
        <filename>expose/manager/amfphp/amf-core/util/AMFBody.php</filename>
        <filename>expose/manager/amfphp/amf-core/util/AMFHeader.php</filename>
        <filename>expose/manager/amfphp/amf-core/util/AMFObject.php</filename>
        <filename>expose/manager/amfphp/amf-core/util/Authenticate.php</filename>
        <filename>expose/manager/amfphp/amf-core/util/CharsetHandler.php</filename>
        <filename>expose/manager/amfphp/amf-core/util/Compat.php</filename>
        <filename>expose/manager/amfphp/amf-core/util/DateWrapper.php</filename>
        <filename>expose/manager/amfphp/amf-core/util/DescribeService.php</filename>
        <filename>expose/manager/amfphp/amf-core/util/Headers.php</filename>
        <filename>expose/manager/amfphp/amf-core/util/MethodTable.php</filename>
        <filename>expose/manager/amfphp/amf-core/util/NetDebug.php</filename>
        <filename>expose/manager/amfphp/amf-core/util/PageAbleResult.php</filename>
        <filename>expose/manager/amfphp/amf-core/util/TraceHeader.php</filename>
        <filename>expose/manager/amfphp/extra/albthumb.jpg</filename>
        <filename>expose/manager/amfphp/extra/collthumb.jpg</filename>
        <filename>expose/manager/amfphp/extra/passhash.inc.php</filename>
        <filename>expose/manager/amfphp/extra/settings.xml</filename>
        <filename>expose/manager/amfphp/extra/vidthumb.jpg</filename>
        <filename>expose/manager/amfphp/extra/watermark.png</filename>
        <filename>expose/manager/amfphp/services/com/slooz/AlbumManager.php</filename>        
        <filename>expose/manager/fonts/embedcopy.ttf</filename>
        <filename>expose/manager/fonts/ReadMe.txt</filename>
        <filename>expose/manager/misc/common.inc.php</filename>
        <filename>expose/manager/misc/xmlfunc.inc.php</filename>
        <filename>expose/manager/misc/domxml-php4-to-php5.php</filename>
        <filename>expose/manager/misc/AC_RunActiveContent.js</filename>
        <filename>expose/manager/misc/strings.xml</filename>
        <filename>expose/manager/upload/upload.php</filename>
        <filename>expose/manager/upload/uploadFLV.php</filename>        
               
	</files>
	<images></images>
  <installfile>
	  <filename>install.expose.php</filename>
  </installfile>
      <uninstallfile>
	  <filename>uninstall.expose.php</filename>
  </uninstallfile> 
    <administration>
    <menu>Expose</menu>
    <submenu>
      <menu link="option=com_expose&amp;task=manage">Manage Albums</menu>
      <menu link="option=com_expose&amp;task=config">Configuration</menu>
      <menu link="option=com_expose&amp;task=manual">Manual</menu>      
    </submenu>
    <images>
      <filename>admin.expose.php</filename>
      <filename>admin.expose.html.php</filename>
      <filename>toolbar.expose.php</filename>
      <filename>toolbar.expose.html.php</filename>
      <filename>expose_icon.png</filename>
      <filename>uploadimage.php</filename>
      <filename>uploadimg.php</filename>
      <filename>docs.png</filename>
      <filename>manage.png</filename>
      <filename>config.png</filename>
      
      
      
    </images>
</administration>

</mosinstall>