<?xml version="1.0" encoding="utf-8"?>
<install version="1.5" type="plugin" group="system">
	<name>System - Core Design Login Confirmation plugin</name>
  	<author>Daniel Rataj</author>
  	<creationDate>October 7th, 2008</creationDate>
  	<copyright>(C) 2008 GreatJoomla.com</copyright>
  	<license>Attribution-NonCommercial 3.0 Unported</license>
  	<authorEmail>info@greatjoomla.com</authorEmail>
  	<authorUrl>www.greatjoomla.com</authorUrl>
	<version>1.1.0 Beta</version>
	<description>CDLOGINCONFIRMATION_DESC</description>
	<files>
		<filename plugin="cdloginconfirmation">cdloginconfirmation.php</filename>
		<filename>cdloginconfirmation/index.html</filename>
		<filename>cdloginconfirmation/license-cc-nc.txt</filename>
	</files>
	<languages>
    <language tag="en-GB">en-GB.plg_system_cdloginconfirmation.ini</language>
	</languages>
	<params>
	</params>
</install>
